[{"id":"Zd-0NXapR","name":"lab-1","facultyId":"5b501303-be44-4799-9f0b-ea0c4dec99e7","studentList":[]},{"id":"_BrY6mvuq","name":"random","facultyId":"b36a4686-e59a-449e-a1b9-b3c98c1fdde8","studentList":[]},{"id":"ySAwu_o6z","name":"iot","facultyId":"c2a1df31-92cc-479d-88e8-39499dba84e1","studentList":[]},{"id":"-LnXg-Cc7","name":"iot","facultyId":"391d9469-8d1b-4d84-916f-30a775f0d898","studentList":[]},{"id":"YWC9vEJ_H","name":"iot lab 2","facultyId":"6754c51b-38f4-42a8-89ee-366b4a3eed8f","studentList":[]},{"id":"V0VD5R4Xx","name":"","facultyId":"6754c51b-38f4-42a8-89ee-366b4a3eed8f","studentList":[]},{"id":"TQ2mDs_BU","name":"lab","facultyId":"c0d695c0-5e48-459b-b18e-d9683256de34","studentList":[]},{"id":"WSRbiPApX","name":"iot-lab 2","facultyId":"1f0b3e74-e0fa-4d0b-a623-f511fa769e4b","studentList":[]},{"id":"BS5qJFiBw","name":"Smart Iot Lab","facultyId":"e8e3f4b4-8910-46a3-b2b0-e3c090d68e09","studentList":[]},{"id":"hVORNja1C","name":"testlab","facultyId":"a0215c6e-7972-4c91-93bd-22d394a5ca64","studentList":[]}]